[{"model": "admin.logentry", "pk": 1, "fields": {"action_time": "2023-05-19T13:12:13.204Z", "user": 1, "content_type": 7, "object_id": "1", "object_repr": "Hiiii", "action_flag": 1, "change_message": "[{\"added\": {}}]"}}, {"model": "admin.logentry", "pk": 2, "fields": {"action_time": "2023-05-19T13:12:22.989Z", "user": 1, "content_type": 9, "object_id": "1", "object_repr": "Как вы считаеете", "action_flag": 1, "change_message": "[{\"added\": {}}]"}}, {"model": "admin.logentry", "pk": 3, "fields": {"action_time": "2023-05-19T13:12:32.361Z", "user": 1, "content_type": 10, "object_id": "1", "object_repr": "Ничего не считаю", "action_flag": 1, "change_message": "[{\"added\": {}}]"}}, {"model": "admin.logentry", "pk": 4, "fields": {"action_time": "2023-05-19T13:12:38.007Z", "user": 1, "content_type": 10, "object_id": "2", "object_repr": "Оррево", "action_flag": 1, "change_message": "[{\"added\": {}}]"}}, {"model": "admin.logentry", "pk": 5, "fields": {"action_time": "2023-05-19T13:13:33.623Z", "user": 1, "content_type": 9, "object_id": "2", "object_repr": "Простой", "action_flag": 1, "change_message": "[{\"added\": {}}]"}}, {"model": "admin.logentry", "pk": 6, "fields": {"action_time": "2023-05-19T13:13:46.403Z", "user": 1, "content_type": 10, "object_id": "3", "object_repr": "А я такой простой", "action_flag": 1, "change_message": "[{\"added\": {}}]"}}, {"model": "admin.logentry", "pk": 7, "fields": {"action_time": "2023-05-19T13:13:51.658Z", "user": 1, "content_type": 10, "object_id": "4", "object_repr": "хехехех", "action_flag": 1, "change_message": "[{\"added\": {}}]"}}, {"model": "admin.logentry", "pk": 8, "fields": {"action_time": "2023-05-19T13:14:14.648Z", "user": 1, "content_type": 10, "object_id": "5", "object_repr": "Лоулы", "action_flag": 1, "change_message": "[{\"added\": {}}]"}}, {"model": "admin.logentry", "pk": 9, "fields": {"action_time": "2023-05-19T13:14:20.100Z", "user": 1, "content_type": 10, "object_id": "6", "object_repr": "321321", "action_flag": 1, "change_message": "[{\"added\": {}}]"}}, {"model": "admin.logentry", "pk": 10, "fields": {"action_time": "2023-05-19T14:36:04.171Z", "user": 1, "content_type": 7, "object_id": "1", "object_repr": "Hiiii", "action_flag": 2, "change_message": "[{\"added\": {\"name\": \"question\", \"object\": \"Keksal\"}}, {\"added\": {\"name\": \"question\", \"object\": \"Gif\"}}]"}}, {"model": "admin.logentry", "pk": 11, "fields": {"action_time": "2023-05-19T14:43:17.090Z", "user": 1, "content_type": 7, "object_id": "1", "object_repr": "Hiiii", "action_flag": 2, "change_message": "[{\"added\": {\"name\": \"question\", \"object\": \"\\u0413\\u0440\\u0443\\u0441\\u0442\\u044c \\u0442\\u043e\\u0441\\u043a\\u0430\"}}, {\"added\": {\"name\": \"answer\", \"object\": \"\\u0413\\u0430\\u0433\\u0430\\u0433\\u04302\"}}, {\"added\": {\"name\": \"answer\", \"object\": \"\\u0413\\u0430\\u0433\\u0430\\u0433\\u04302\"}}, {\"added\": {\"name\": \"answer\", \"object\": \"\\u0413\\u0430\\u0433\\u0430\\u0433\\u04301\"}}]"}}, {"model": "admin.logentry", "pk": 12, "fields": {"action_time": "2023-05-19T14:53:57.911Z", "user": 1, "content_type": 7, "object_id": "1", "object_repr": "Hiiii", "action_flag": 2, "change_message": "[{\"changed\": {\"fields\": [\"Cover image\"]}}]"}}, {"model": "admin.logentry", "pk": 13, "fields": {"action_time": "2023-05-19T14:53:58.051Z", "user": 1, "content_type": 7, "object_id": "1", "object_repr": "Hiiii", "action_flag": 2, "change_message": "[{\"changed\": {\"fields\": [\"Cover image\"]}}]"}}, {"model": "admin.logentry", "pk": 14, "fields": {"action_time": "2023-05-19T14:56:14.718Z", "user": 1, "content_type": 7, "object_id": "2", "object_repr": "GG", "action_flag": 1, "change_message": "[{\"added\": {}}, {\"added\": {\"name\": \"question\", \"object\": \"WP\"}}, {\"added\": {\"name\": \"question\", \"object\": \"GGG\"}}, {\"added\": {\"name\": \"answer\", \"object\": \"11\"}}, {\"added\": {\"name\": \"answer\", \"object\": \"22\"}}, {\"added\": {\"name\": \"answer\", \"object\": \"33\"}}, {\"added\": {\"name\": \"answer\", \"object\": \"222\"}}, {\"added\": {\"name\": \"answer\", \"object\": \"444\"}}, {\"added\": {\"name\": \"answer\", \"object\": \"222\"}}]"}}, {"model": "admin.logentry", "pk": 15, "fields": {"action_time": "2023-05-19T14:56:24.843Z", "user": 1, "content_type": 7, "object_id": "2", "object_repr": "GG", "action_flag": 2, "change_message": "[{\"changed\": {\"fields\": [\"Cover image\"]}}]"}}, {"model": "admin.logentry", "pk": 16, "fields": {"action_time": "2023-05-19T14:56:38.504Z", "user": 1, "content_type": 7, "object_id": "3", "object_repr": "444", "action_flag": 1, "change_message": "[{\"added\": {}}, {\"added\": {\"name\": \"question\", \"object\": \"444\"}}, {\"added\": {\"name\": \"answer\", \"object\": \"324\"}}, {\"added\": {\"name\": \"answer\", \"object\": \"23\"}}, {\"added\": {\"name\": \"answer\", \"object\": \"324\"}}]"}}, {"model": "admin.logentry", "pk": 17, "fields": {"action_time": "2023-05-22T05:42:16.335Z", "user": 1, "content_type": 12, "object_id": "1", "object_repr": "One statia", "action_flag": 1, "change_message": "[{\"added\": {}}]"}}, {"model": "admin.logentry", "pk": 18, "fields": {"action_time": "2023-05-27T19:36:46.687Z", "user": 1, "content_type": 7, "object_id": "4", "object_repr": "Общие вопросы по авиационной безопасности", "action_flag": 1, "change_message": "[{\"added\": {}}, {\"added\": {\"name\": \"question\", \"object\": \"\\u0427\\u0442\\u043e \\u0442\\u0430\\u043a\\u043e\\u0435 \\u0430\\u0432\\u0438\\u0430\\u0446\\u0438\\u043e\\u043d\\u043d\\u0430\\u044f \\u0431\\u0435\\u0437\\u043e\\u043f\\u0430\\u0441\\u043d\\u043e\\u0441\\u0442\\u044c?\"}}, {\"added\": {\"name\": \"question\", \"object\": \"\\u041a\\u0430\\u043a\\u0430\\u044f \\u043e\\u0440\\u0433\\u0430\\u043d\\u0438\\u0437\\u0430\\u0446\\u0438\\u044f \\u043e\\u0442\\u0432\\u0435\\u0447\\u0430\\u0435\\u0442 \\u0437\\u0430 \\u043c\\u0435\\u0436\\u0434\\u0443\\u043d\\u0430\\u0440\\u043e\\u0434\\u043d\\u044b\\u0435 \\u0441\\u0442\\u0430\\u043d\\u0434\\u0430\\u0440\\u0442\\u044b \\u0431\\u0435\\u0437\\u043e\\u043f\\u0430\\u0441\\u043d\\u043e\\u0441\\u0442\\u0438 \\u043f\\u043e\\u043b\\u0435\\u0442\\u043e\\u0432?\"}}, {\"added\": {\"name\": \"answer\", \"object\": \"\\u0411\\u0435\\u0437\\u043e\\u043f\\u0430\\u0441\\u043d\\u043e\\u0441\\u0442\\u044c \\u0430\\u0432\\u0438\\u0430\\u0446\\u0438\\u043e\\u043d\\u043d\\u043e\\u0433\\u043e \\u0442\\u0440\\u0430\\u043d\\u0441\\u043f\\u043e\\u0440\\u0442\\u0430 \\u043d\\u0430 \\u0437\\u0435\\u043c\\u043b\\u0435.\"}}, {\"added\": {\"name\": \"answer\", \"object\": \"\\u041a\\u043e\\u043d\\u0442\\u0440\\u043e\\u043b\\u044c \\u0437\\u0430 \\u043f\\u043e\\u0433\\u043e\\u0434\\u043d\\u044b\\u043c\\u0438 \\u0443\\u0441\\u043b\\u043e\\u0432\\u0438\\u044f\\u043c\\u0438.\"}}, {\"added\": {\"name\": \"answer\", \"object\": \"\\u041e\\u0431\\u0435\\u0441\\u043f\\u0435\\u0447\\u0435\\u043d\\u0438\\u0435 \\u0431\\u0435\\u0437\\u043e\\u043f\\u0430\\u0441\\u043d\\u043e\\u0441\\u0442\\u0438 \\u043f\\u0430\\u0441\\u0441\\u0430\\u0436\\u0438\\u0440\\u043e\\u0432 \\u0432 \\u0430\\u044d\\u0440\\u043e\\u043f\\u043e\\u0440\\u0442\\u0443.\"}}, {\"added\": {\"name\": \"answer\", \"object\": \"NASA\"}}, {\"added\": {\"name\": \"answer\", \"object\": \"FAA\"}}, {\"added\": {\"name\": \"answer\", \"object\": \"ICAO\"}}]"}}, {"model": "admin.logentry", "pk": 19, "fields": {"action_time": "2023-05-28T18:29:16.109Z", "user": 1, "content_type": 7, "object_id": "3", "object_repr": "444", "action_flag": 2, "change_message": "[{\"changed\": {\"name\": \"answer\", \"object\": \"23\", \"fields\": [\"Is correct\"]}}]"}}, {"model": "admin.logentry", "pk": 20, "fields": {"action_time": "2023-05-30T14:26:14.906Z", "user": 1, "content_type": 12, "object_id": "1", "object_repr": "One statia", "action_flag": 3, "change_message": ""}}, {"model": "admin.logentry", "pk": 21, "fields": {"action_time": "2023-05-30T14:26:57.679Z", "user": 1, "content_type": 12, "object_id": "2", "object_repr": "Защита Воздушных Путешествий и Пассажиров", "action_flag": 1, "change_message": "[{\"added\": {}}]"}}, {"model": "admin.logentry", "pk": 22, "fields": {"action_time": "2023-05-30T14:27:45.347Z", "user": 1, "content_type": 12, "object_id": "2", "object_repr": "Защита Воздушных Путешествий и Пассажиров", "action_flag": 2, "change_message": "[{\"changed\": {\"fields\": [\"Cover image\"]}}]"}}, {"model": "admin.logentry", "pk": 23, "fields": {"action_time": "2023-05-30T14:32:35.911Z", "user": 1, "content_type": 12, "object_id": "3", "object_repr": "Революция в Мировой Авиации: Влияние Новых Технологий", "action_flag": 1, "change_message": "[{\"added\": {}}]"}}, {"model": "admin.logentry", "pk": 24, "fields": {"action_time": "2023-05-30T14:32:54.831Z", "user": 1, "content_type": 12, "object_id": "3", "object_repr": "Революция в Мировой Авиации: Влияние Новых Технологий", "action_flag": 2, "change_message": "[{\"changed\": {\"fields\": [\"Cover image\"]}}]"}}, {"model": "admin.logentry", "pk": 25, "fields": {"action_time": "2023-05-30T14:33:05.218Z", "user": 1, "content_type": 12, "object_id": "3", "object_repr": "Революция в Мировой Авиации: Влияние Новых Технологий", "action_flag": 2, "change_message": "[{\"changed\": {\"fields\": [\"Cover image\"]}}]"}}, {"model": "admin.logentry", "pk": 26, "fields": {"action_time": "2023-05-30T14:34:34.655Z", "user": 1, "content_type": 12, "object_id": "4", "object_repr": "Развитие Авиационного Туризма", "action_flag": 1, "change_message": "[{\"added\": {}}]"}}, {"model": "admin.logentry", "pk": 27, "fields": {"action_time": "2023-05-30T14:34:49.607Z", "user": 1, "content_type": 12, "object_id": "4", "object_repr": "Развитие Авиационного Туризма", "action_flag": 2, "change_message": "[{\"changed\": {\"fields\": [\"Cover image\"]}}]"}}, {"model": "admin.logentry", "pk": 28, "fields": {"action_time": "2023-05-30T15:01:53.897Z", "user": 1, "content_type": 7, "object_id": "4", "object_repr": "Общие вопросы по авиационной безопасности", "action_flag": 3, "change_message": ""}}, {"model": "admin.logentry", "pk": 29, "fields": {"action_time": "2023-05-30T15:01:53.914Z", "user": 1, "content_type": 7, "object_id": "3", "object_repr": "444", "action_flag": 3, "change_message": ""}}, {"model": "admin.logentry", "pk": 30, "fields": {"action_time": "2023-05-30T15:01:53.920Z", "user": 1, "content_type": 7, "object_id": "2", "object_repr": "GG", "action_flag": 3, "change_message": ""}}, {"model": "admin.logentry", "pk": 31, "fields": {"action_time": "2023-05-30T15:01:53.926Z", "user": 1, "content_type": 7, "object_id": "1", "object_repr": "Hiiii", "action_flag": 3, "change_message": ""}}, {"model": "admin.logentry", "pk": 32, "fields": {"action_time": "2023-05-30T15:03:18.581Z", "user": 1, "content_type": 7, "object_id": "5", "object_repr": "Основы Авиационной Безопасности: Проверьте свои знания", "action_flag": 1, "change_message": "[{\"added\": {}}, {\"added\": {\"name\": \"question\", \"object\": \"\\u0427\\u0442\\u043e \\u043e\\u0437\\u043d\\u0430\\u0447\\u0430\\u0435\\u0442 \\u0442\\u0435\\u0440\\u043c\\u0438\\u043d \\\"CABIN CREW\\\" \\u0432 \\u0430\\u0432\\u0438\\u0430\\u0446\\u0438\\u0438?\"}}, {\"added\": {\"name\": \"answer\", \"object\": \"a) \\u041f\\u0430\\u0441\\u0441\\u0430\\u0436\\u0438\\u0440\\u0441\\u043a\\u0438\\u0439 \\u0441\\u0430\\u043b\\u043e\\u043d \\u0441\\u0430\\u043c\\u043e\\u043b\\u0435\\u0442\\u0430\"}}, {\"added\": {\"name\": \"answer\", \"object\": \"b) \\u042d\\u043a\\u0438\\u043f\\u0430\\u0436 \\u0441\\u0430\\u043c\\u043e\\u043b\\u0435\\u0442\\u0430, \\u043e\\u0431\\u0441\\u043b\\u0443\\u0436\\u0438\\u0432\\u0430\\u044e\\u0449\\u0438\\u0439 \\u043f\\u0430\\u0441\\u0441\\u0430\\u0436\\u0438\\u0440\\u043e\\u0432 \\u0432\\u043e \\u0432\\u0440\\u0435\\u043c\\u044f \\u043f\\u043e\\u043b\\u0435\\u0442\\u0430\"}}, {\"added\": {\"name\": \"answer\", \"object\": \"c) \\u0421\\u043f\\u0435\\u0446\\u0438\\u0430\\u043b\\u044c\\u043d\\u044b\\u0435 \\u043a\\u043e\\u043c\\u0430\\u043d\\u0434\\u044b \\u0431\\u0435\\u0437\\u043e\\u043f\\u0430\\u0441\\u043d\\u043e\\u0441\\u0442\\u0438 \\u043d\\u0430 \\u0431\\u043e\\u0440\\u0442\\u0443 \\u0441\\u0430\\u043c\\u043e\\u043b\\u0435\\u0442\\u0430\"}}]"}}, {"model": "admin.logentry", "pk": 33, "fields": {"action_time": "2023-05-30T15:28:59.613Z", "user": 1, "content_type": 7, "object_id": "8", "object_repr": "РЎСЂРµРґРЅРёР№ СѓСЂРѕРІРµРЅСЊ: РћСЃРЅРѕРІС‹ Р°РІРёР°С†РёРѕРЅРЅРѕР№ Р±РµР·РѕРїР°СЃРЅРѕСЃС‚Рё", "action_flag": 3, "change_message": ""}}, {"model": "admin.logentry", "pk": 34, "fields": {"action_time": "2023-05-30T15:28:59.622Z", "user": 1, "content_type": 7, "object_id": "6", "object_repr": "РЎСЂРµРґРЅРёР№ СѓСЂРѕРІРµРЅСЊ: РћСЃРЅРѕРІС‹ Р°РІРёР°С†РёРѕРЅРЅРѕР№ Р±РµР·РѕРїР°СЃРЅРѕСЃС‚Рё", "action_flag": 3, "change_message": ""}}, {"model": "admin.logentry", "pk": 35, "fields": {"action_time": "2023-05-30T15:31:03.006Z", "user": 1, "content_type": 7, "object_id": "7", "object_repr": "Средний уровень: Основы авиационной безопасности", "action_flag": 2, "change_message": "[{\"changed\": {\"fields\": [\"Difficulty\"]}}, {\"added\": {\"name\": \"question\", \"object\": \"\\u0427\\u0442\\u043e \\u043e\\u0437\\u043d\\u0430\\u0447\\u0430\\u0435\\u0442 \\u0442\\u0435\\u0440\\u043c\\u0438\\u043d \\\"\\u0410\\u0432\\u0438\\u0430\\u0446\\u0438\\u043e\\u043d\\u043d\\u0430\\u044f \\u0431\\u0435\\u0437\\u043e\\u043f\\u0430\\u0441\\u043d\\u043e\\u0441\\u0442\\u044c\\\"?\"}}, {\"added\": {\"name\": \"question\", \"object\": \"\\u041a\\u0430\\u043a\\u043e\\u0435 \\u0438\\u0437 \\u044d\\u0442\\u0438\\u0445 \\u0443\\u0442\\u0432\\u0435\\u0440\\u0436\\u0434\\u0435\\u043d\\u0438\\u0439 \\u044f\\u0432\\u043b\\u044f\\u0435\\u0442\\u0441\\u044f \\u0438\\u0441\\u0442\\u0438\\u043d\\u043d\\u044b\\u043c \\u043e \\u0441\\u0438\\u0441\\u0442\\u0435\\u043c\\u0435 \\u0443\\u043f\\u0440\\u0430\\u0432\\u043b\\u0435\\u043d\\u0438\\u044f \\u0431\\u0435\\u0437\\u043e\\u043f\\u0430\\u0441\\u043d\\u043e\\u0441\\u0442\\u044c\\u044e \\u043f\\u043e\\u043b\\u0435\\u0442\\u043e\\u0432 (SMS)?\"}}, {\"added\": {\"name\": \"question\", \"object\": \"\\u0427\\u0442\\u043e \\u043e\\u0437\\u043d\\u0430\\u0447\\u0430\\u0435\\u0442 ICAO \\u0432 \\u043a\\u043e\\u043d\\u0442\\u0435\\u043a\\u0441\\u0442\\u0435 \\u0430\\u0432\\u0438\\u0430\\u0446\\u0438\\u0438?\"}}, {\"added\": {\"name\": \"question\", \"object\": \"\\u041a\\u0430\\u043a\\u0443\\u044e \\u0440\\u043e\\u043b\\u044c \\u0438\\u0433\\u0440\\u0430\\u0435\\u0442 \\u044d\\u043a\\u0438\\u043f\\u0430\\u0436 \\u0432 \\u043e\\u0431\\u0435\\u0441\\u043f\\u0435\\u0447\\u0435\\u043d\\u0438\\u0438 \\u0430\\u0432\\u0438\\u0430\\u0446\\u0438\\u043e\\u043d\\u043d\\u043e\\u0439 \\u0431\\u0435\\u0437\\u043e\\u043f\\u0430\\u0441\\u043d\\u043e\\u0441\\u0442\\u0438?\"}}, {\"added\": {\"name\": \"answer\", \"object\": \"\\u041f\\u0440\\u043e\\u0446\\u0435\\u0434\\u0443\\u0440\\u0430 \\u043f\\u0440\\u043e\\u0432\\u0435\\u0434\\u0435\\u043d\\u0438\\u044f \\u0430\\u0432\\u0438\\u0430\\u0446\\u0438\\u043e\\u043d\\u043d\\u044b\\u0445 \\u0448\\u043e\\u0443.\"}}, {\"added\": {\"name\": \"answer\", \"object\": \"\\u041f\\u0440\\u043e\\u0446\\u0435\\u0441\\u0441 \\u0438\\u0437\\u0433\\u043e\\u0442\\u043e\\u0432\\u043b\\u0435\\u043d\\u0438\\u044f \\u0430\\u0432\\u0438\\u0430\\u0446\\u0438\\u043e\\u043d\\u043d\\u044b\\u0445 \\u043a\\u0440\\u0435\\u0441\\u0435\\u043b.\"}}, {\"added\": {\"name\": \"answer\", \"object\": \"\\u041f\\u0440\\u043e\\u0446\\u0435\\u0441\\u0441 \\u0443\\u043f\\u0440\\u0430\\u0432\\u043b\\u0435\\u043d\\u0438\\u044f \\u0440\\u0438\\u0441\\u043a\\u043e\\u043c \\u0432 \\u0430\\u0432\\u0438\\u0430\\u0446\\u0438\\u043e\\u043d\\u043d\\u043e\\u0439 \\u0434\\u0435\\u044f\\u0442\\u0435\\u043b\\u044c\\u043d\\u043e\\u0441\\u0442\\u0438.\"}}, {\"added\": {\"name\": \"answer\", \"object\": \"SMS \\u2014 \\u044d\\u0442\\u043e \\u0441\\u0438\\u0441\\u0442\\u0435\\u043c\\u0430 \\u043e\\u0431\\u0449\\u0435\\u043d\\u0438\\u044f \\u043c\\u0435\\u0436\\u0434\\u0443 \\u043f\\u0430\\u0441\\u0441\\u0430\\u0436\\u0438\\u0440\\u0430\\u043c\\u0438 \\u0432\\u043e \\u0432\\u0440\\u0435\\u043c\\u044f \\u043f\\u043e\\u043b\\u0435\\u0442\\u0430.\"}}, {\"added\": {\"name\": \"answer\", \"object\": \"SMS \\u2014 \\u044d\\u0442\\u043e \\u0441\\u0438\\u0441\\u0442\\u0435\\u043c\\u0430 \\u0443\\u043f\\u0440\\u0430\\u0432\\u043b\\u0435\\u043d\\u0438\\u044f \\u0440\\u0438\\u0441\\u043a\\u043e\\u043c, \\u0441\\u0432\\u044f\\u0437\\u0430\\u043d\\u043d\\u0430\\u044f \\u0441 \\u0431\\u0435\\u0437\\u043e\\u043f\\u0430\\u0441\\u043d\\u043e\\u0441\\u0442\\u044c\\u044e \\u043f\\u043e\\u043b\\u0435\\u0442\\u043e\\u0432.\"}}, {\"added\": {\"name\": \"answer\", \"object\": \"SMS \\u2014 \\u044d\\u0442\\u043e \\u0434\\u043e\\u043a\\u0443\\u043c\\u0435\\u043d\\u0442, \\u0440\\u0435\\u0433\\u0443\\u043b\\u0438\\u0440\\u0443\\u044e\\u0449\\u0438\\u0439 \\u043f\\u043e\\u0433\\u043e\\u0434\\u043d\\u044b\\u0435 \\u0443\\u0441\\u043b\\u043e\\u0432\\u0438\\u044f \\u0434\\u043b\\u044f \\u043f\\u043e\\u043b\\u0435\\u0442\\u043e\\u0432.\"}}, {\"added\": {\"name\": \"answer\", \"object\": \"\\u041c\\u0435\\u0436\\u0434\\u0443\\u043d\\u0430\\u0440\\u043e\\u0434\\u043d\\u0430\\u044f \\u043e\\u0440\\u0433\\u0430\\u043d\\u0438\\u0437\\u0430\\u0446\\u0438\\u044f \\u0433\\u0440\\u0430\\u0436\\u0434\\u0430\\u043d\\u0441\\u043a\\u043e\\u0439 \\u0430\\u0432\\u0438\\u0430\\u0446\\u0438\\u0438.\"}}, {\"added\": {\"name\": \"answer\", \"object\": \"\\u0420\\u0435\\u043a\\u043b\\u0430\\u043c\\u0430 \\u0430\\u0432\\u0438\\u0430\\u043a\\u043e\\u043c\\u043f\\u0430\\u043d\\u0438\\u0438.\"}}, {\"added\": {\"name\": \"answer\", \"object\": \"\\u0420\\u0430\\u0437\\u043c\\u0435\\u0440 \\u0431\\u0430\\u0433\\u0430\\u0436\\u043d\\u043e\\u0433\\u043e \\u043e\\u0442\\u0434\\u0435\\u043b\\u0435\\u043d\\u0438\\u044f.\"}}, {\"added\": {\"name\": \"answer\", \"object\": \"\\u042d\\u043a\\u0438\\u043f\\u0430\\u0436 \\u0442\\u043e\\u043b\\u044c\\u043a\\u043e \\u0443\\u043f\\u0440\\u0430\\u0432\\u043b\\u044f\\u0435\\u0442 \\u0441\\u0430\\u043c\\u043e\\u043b\\u0435\\u0442\\u043e\\u043c, \\u0431\\u0435\\u0437\\u043e\\u043f\\u0430\\u0441\\u043d\\u043e\\u0441\\u0442\\u044c \\u043d\\u0435 \\u043e\\u0442\\u043d\\u043e\\u0441\\u0438\\u0442\\u0441\\u044f \\u043a \\u0435\\u0433\\u043e \\u043e\\u0431\\u044f\\u0437\\u0430\\u043d\\u043d\\u043e\\u0441\\u0442\\u044f\\u043c.\"}}, {\"added\": {\"name\": \"answer\", \"object\": \"\\u042d\\u043a\\u0438\\u043f\\u0430\\u0436 \\u043e\\u0442\\u0432\\u0435\\u0447\\u0430\\u0435\\u0442 \\u0437\\u0430 \\u043f\\u043e\\u0434\\u0434\\u0435\\u0440\\u0436\\u0430\\u043d\\u0438\\u0435 \\u043f\\u043e\\u0440\\u044f\\u0434\\u043a\\u0430 \\u0432\\u043d\\u0443\\u0442\\u0440\\u0438 \\u0441\\u0430\\u043c\\u043e\\u043b\\u0435\\u0442\\u0430, \\u043d\\u043e \\u043d\\u0435 \\u0437\\u0430 \\u0431\\u0435\\u0437\\u043e\\u043f\\u0430\\u0441\\u043d\\u043e\\u0441\\u0442\\u044c \\u043f\\u043e\\u043b\\u0435\\u0442\\u0430.\"}}, {\"added\": {\"name\": \"answer\", \"object\": \"\\u042d\\u043a\\u0438\\u043f\\u0430\\u0436 \\u0438\\u0433\\u0440\\u0430\\u0435\\u0442 \\u043a\\u0440\\u0438\\u0442\\u0438\\u0447\\u0435\\u0441\\u043a\\u0443\\u044e \\u0440\\u043e\\u043b\\u044c, \\u043e\\u0431\\u0435\\u0441\\u043f\\u0435\\u0447\\u0438\\u0432\\u0430\\u044f \\u0431\\u0435\\u0437\\u043e\\u043f\\u0430\\u0441\\u043d\\u043e\\u0441\\u0442\\u044c \\u043f\\u043e\\u043b\\u0435\\u0442\\u0430 \\u0438 \\u043f\\u0430\\u0441\\u0441\\u0430\\u0436\\u0438\\u0440\\u043e\\u0432\"}}]"}}, {"model": "admin.logentry", "pk": 36, "fields": {"action_time": "2023-05-30T15:35:32.367Z", "user": 1, "content_type": 7, "object_id": "9", "object_repr": "Тест на Знание Чрезвычайных Ситуаций в Авиации", "action_flag": 1, "change_message": "[{\"added\": {}}, {\"added\": {\"name\": \"question\", \"object\": \"\\u0427\\u0442\\u043e \\u0441\\u043b\\u0435\\u0434\\u0443\\u0435\\u0442 \\u0434\\u0435\\u043b\\u0430\\u0442\\u044c \\u043f\\u0430\\u0441\\u0441\\u0430\\u0436\\u0438\\u0440\\u0430\\u043c \\u0432 \\u0441\\u043b\\u0443\\u0447\\u0430\\u0435 \\u044d\\u043a\\u0441\\u0442\\u0440\\u0435\\u043d\\u043d\\u043e\\u0439 \\u044d\\u0432\\u0430\\u043a\\u0443\\u0430\\u0446\\u0438\\u0438 \\u0441\\u0430\\u043c\\u043e\\u043b\\u0435\\u0442\\u0430?\"}}, {\"added\": {\"name\": \"answer\", \"object\": \"\\u0427\\u0442\\u043e \\u0441\\u043b\\u0435\\u0434\\u0443\\u0435\\u0442 \\u0434\\u0435\\u043b\\u0430\\u0442\\u044c \\u043f\\u0430\\u0441\\u0441\\u0430\\u0436\\u0438\\u0440\\u0430\\u043c \\u0432 \\u0441\\u043b\\u0443\\u0447\\u0430\\u0435 \\u044d\\u043a\\u0441\\u0442\\u0440\\u0435\\u043d\\u043d\\u043e\\u0439 \\u044d\\u0432\\u0430\\u043a\\u0443\\u0430\\u0446\\u0438\\u0438 \\u0441\\u0430\\u043c\\u043e\\u043b\\u0435\\u0442\\u0430?\"}}, {\"added\": {\"name\": \"answer\", \"object\": \"\\u041f\\u043e\\u0434\\u043d\\u044f\\u0442\\u044c \\u0440\\u0443\\u043a\\u0438 \\u0432\\u0432\\u0435\\u0440\\u0445 \\u0438 \\u043a\\u0440\\u0438\\u0447\\u0430\\u0442\\u044c \\u043e \\u043f\\u043e\\u043c\\u043e\\u0449\\u0438\"}}, {\"added\": {\"name\": \"answer\", \"object\": \"\\u0421\\u043b\\u0435\\u0434\\u043e\\u0432\\u0430\\u0442\\u044c \\u0443\\u043a\\u0430\\u0437\\u0430\\u043d\\u0438\\u044f\\u043c \\u044d\\u043a\\u0438\\u043f\\u0430\\u0436\\u0430 \\u0438 \\u0438\\u0441\\u043f\\u043e\\u043b\\u044c\\u0437\\u043e\\u0432\\u0430\\u0442\\u044c \\u0431\\u043b\\u0438\\u0436\\u0430\\u0439\\u0448\\u0438\\u0439 \\u0432\\u044b\\u0445\\u043e\\u0434\"}}]"}}, {"model": "admin.logentry", "pk": 37, "fields": {"action_time": "2023-05-30T15:36:47.225Z", "user": 1, "content_type": 7, "object_id": "10", "object_repr": "Тест на Знание Географии Авиации", "action_flag": 1, "change_message": "[{\"added\": {}}, {\"added\": {\"name\": \"question\", \"object\": \"\\u041a\\u0430\\u043a\\u043e\\u0439 \\u0433\\u043e\\u0440\\u043e\\u0434 \\u044f\\u0432\\u043b\\u044f\\u0435\\u0442\\u0441\\u044f \\u043e\\u0441\\u043d\\u043e\\u0432\\u043d\\u044b\\u043c \\u0445\\u0430\\u0431\\u043e\\u043c \\u0430\\u0432\\u0438\\u0430\\u043a\\u043e\\u043c\\u043f\\u0430\\u043d\\u0438\\u0438 Emirates?\"}}, {\"added\": {\"name\": \"answer\", \"object\": \"\\u0414\\u0443\\u0431\\u0430\\u0439, \\u041e\\u0410\\u042d\"}}, {\"added\": {\"name\": \"answer\", \"object\": \"\\u0421\\u0438\\u043d\\u0433\\u0430\\u043f\\u0443\\u0440\"}}, {\"added\": {\"name\": \"answer\", \"object\": \"\\u0413\\u043e\\u043d\\u043a\\u043e\\u043d\\u0433, \\u041a\\u0438\\u0442\\u0430\\u0439\"}}]"}}, {"model": "admin.logentry", "pk": 38, "fields": {"action_time": "2023-05-31T06:16:34.433Z", "user": 1, "content_type": 4, "object_id": "2", "object_repr": "NewUser123", "action_flag": 2, "change_message": "[{\"changed\": {\"fields\": [\"Username\"]}}]"}}, {"model": "auth.permission", "pk": 1, "fields": {"name": "Can add log entry", "content_type": 1, "codename": "add_logentry"}}, {"model": "auth.permission", "pk": 2, "fields": {"name": "Can change log entry", "content_type": 1, "codename": "change_logentry"}}, {"model": "auth.permission", "pk": 3, "fields": {"name": "Can delete log entry", "content_type": 1, "codename": "delete_logentry"}}, {"model": "auth.permission", "pk": 4, "fields": {"name": "Can view log entry", "content_type": 1, "codename": "view_logentry"}}, {"model": "auth.permission", "pk": 5, "fields": {"name": "Can add permission", "content_type": 2, "codename": "add_permission"}}, {"model": "auth.permission", "pk": 6, "fields": {"name": "Can change permission", "content_type": 2, "codename": "change_permission"}}, {"model": "auth.permission", "pk": 7, "fields": {"name": "Can delete permission", "content_type": 2, "codename": "delete_permission"}}, {"model": "auth.permission", "pk": 8, "fields": {"name": "Can view permission", "content_type": 2, "codename": "view_permission"}}, {"model": "auth.permission", "pk": 9, "fields": {"name": "Can add group", "content_type": 3, "codename": "add_group"}}, {"model": "auth.permission", "pk": 10, "fields": {"name": "Can change group", "content_type": 3, "codename": "change_group"}}, {"model": "auth.permission", "pk": 11, "fields": {"name": "Can delete group", "content_type": 3, "codename": "delete_group"}}, {"model": "auth.permission", "pk": 12, "fields": {"name": "Can view group", "content_type": 3, "codename": "view_group"}}, {"model": "auth.permission", "pk": 13, "fields": {"name": "Can add user", "content_type": 4, "codename": "add_user"}}, {"model": "auth.permission", "pk": 14, "fields": {"name": "Can change user", "content_type": 4, "codename": "change_user"}}, {"model": "auth.permission", "pk": 15, "fields": {"name": "Can delete user", "content_type": 4, "codename": "delete_user"}}, {"model": "auth.permission", "pk": 16, "fields": {"name": "Can view user", "content_type": 4, "codename": "view_user"}}, {"model": "auth.permission", "pk": 17, "fields": {"name": "Can add content type", "content_type": 5, "codename": "add_contenttype"}}, {"model": "auth.permission", "pk": 18, "fields": {"name": "Can change content type", "content_type": 5, "codename": "change_contenttype"}}, {"model": "auth.permission", "pk": 19, "fields": {"name": "Can delete content type", "content_type": 5, "codename": "delete_contenttype"}}, {"model": "auth.permission", "pk": 20, "fields": {"name": "Can view content type", "content_type": 5, "codename": "view_contenttype"}}, {"model": "auth.permission", "pk": 21, "fields": {"name": "Can add session", "content_type": 6, "codename": "add_session"}}, {"model": "auth.permission", "pk": 22, "fields": {"name": "Can change session", "content_type": 6, "codename": "change_session"}}, {"model": "auth.permission", "pk": 23, "fields": {"name": "Can delete session", "content_type": 6, "codename": "delete_session"}}, {"model": "auth.permission", "pk": 24, "fields": {"name": "Can view session", "content_type": 6, "codename": "view_session"}}, {"model": "auth.permission", "pk": 25, "fields": {"name": "Can add test", "content_type": 7, "codename": "add_test"}}, {"model": "auth.permission", "pk": 26, "fields": {"name": "Can change test", "content_type": 7, "codename": "change_test"}}, {"model": "auth.permission", "pk": 27, "fields": {"name": "Can delete test", "content_type": 7, "codename": "delete_test"}}, {"model": "auth.permission", "pk": 28, "fields": {"name": "Can view test", "content_type": 7, "codename": "view_test"}}, {"model": "auth.permission", "pk": 29, "fields": {"name": "Can add user test attempt", "content_type": 8, "codename": "add_usertestattempt"}}, {"model": "auth.permission", "pk": 30, "fields": {"name": "Can change user test attempt", "content_type": 8, "codename": "change_usertestattempt"}}, {"model": "auth.permission", "pk": 31, "fields": {"name": "Can delete user test attempt", "content_type": 8, "codename": "delete_usertestattempt"}}, {"model": "auth.permission", "pk": 32, "fields": {"name": "Can view user test attempt", "content_type": 8, "codename": "view_usertestattempt"}}, {"model": "auth.permission", "pk": 33, "fields": {"name": "Can add question", "content_type": 9, "codename": "add_question"}}, {"model": "auth.permission", "pk": 34, "fields": {"name": "Can change question", "content_type": 9, "codename": "change_question"}}, {"model": "auth.permission", "pk": 35, "fields": {"name": "Can delete question", "content_type": 9, "codename": "delete_question"}}, {"model": "auth.permission", "pk": 36, "fields": {"name": "Can view question", "content_type": 9, "codename": "view_question"}}, {"model": "auth.permission", "pk": 37, "fields": {"name": "Can add answer", "content_type": 10, "codename": "add_answer"}}, {"model": "auth.permission", "pk": 38, "fields": {"name": "Can change answer", "content_type": 10, "codename": "change_answer"}}, {"model": "auth.permission", "pk": 39, "fields": {"name": "Can delete answer", "content_type": 10, "codename": "delete_answer"}}, {"model": "auth.permission", "pk": 40, "fields": {"name": "Can view answer", "content_type": 10, "codename": "view_answer"}}, {"model": "auth.permission", "pk": 41, "fields": {"name": "Can add comment", "content_type": 11, "codename": "add_comment"}}, {"model": "auth.permission", "pk": 42, "fields": {"name": "Can change comment", "content_type": 11, "codename": "change_comment"}}, {"model": "auth.permission", "pk": 43, "fields": {"name": "Can delete comment", "content_type": 11, "codename": "delete_comment"}}, {"model": "auth.permission", "pk": 44, "fields": {"name": "Can view comment", "content_type": 11, "codename": "view_comment"}}, {"model": "auth.permission", "pk": 45, "fields": {"name": "Can add article", "content_type": 12, "codename": "add_article"}}, {"model": "auth.permission", "pk": 46, "fields": {"name": "Can change article", "content_type": 12, "codename": "change_article"}}, {"model": "auth.permission", "pk": 47, "fields": {"name": "Can delete article", "content_type": 12, "codename": "delete_article"}}, {"model": "auth.permission", "pk": 48, "fields": {"name": "Can view article", "content_type": 12, "codename": "view_article"}}, {"model": "auth.user", "pk": 1, "fields": {"password": "pbkdf2_sha256$260000$jeV1PtYzHxSDiNrrmt1PdX$8sb0zNoXBo6d4h8JyMRY3heWl0RGL1uxgU++/sKxI6Q=", "last_login": "2023-06-08T12:31:27.876Z", "is_superuser": true, "username": "user", "first_name": "Alexey", "last_name": "Vlasov", "email": "user@list.ru", "is_staff": true, "is_active": true, "date_joined": "2023-05-19T13:11:44.248Z", "groups": [], "user_permissions": []}}, {"model": "auth.user", "pk": 2, "fields": {"password": "pbkdf2_sha256$216000$XABJiL8n4Hhg$DZM6Mvn56q5/PG/GMN1ZcanJu2SGcLV6tO0lOyQ/LSk=", "last_login": "2023-05-20T10:48:40Z", "is_superuser": false, "username": "NewUser123", "first_name": "", "last_name": "", "email": "", "is_staff": false, "is_active": true, "date_joined": "2023-05-20T10:48:40Z", "groups": [], "user_permissions": []}}, {"model": "auth.user", "pk": 3, "fields": {"password": "pbkdf2_sha256$216000$DRrf0xWIguiI$wz1Rlee+MbkaEwAfUoDU6oBRCrwcucdmAc1bej1UrVI=", "last_login": "2023-05-20T10:50:03.100Z", "is_superuser": false, "username": "keksal", "first_name": "", "last_name": "", "email": "", "is_staff": false, "is_active": true, "date_joined": "2023-05-20T10:50:02.560Z", "groups": [], "user_permissions": []}}, {"model": "contenttypes.contenttype", "pk": 1, "fields": {"app_label": "admin", "model": "logentry"}}, {"model": "contenttypes.contenttype", "pk": 2, "fields": {"app_label": "auth", "model": "permission"}}, {"model": "contenttypes.contenttype", "pk": 3, "fields": {"app_label": "auth", "model": "group"}}, {"model": "contenttypes.contenttype", "pk": 4, "fields": {"app_label": "auth", "model": "user"}}, {"model": "contenttypes.contenttype", "pk": 5, "fields": {"app_label": "contenttypes", "model": "contenttype"}}, {"model": "contenttypes.contenttype", "pk": 6, "fields": {"app_label": "sessions", "model": "session"}}, {"model": "contenttypes.contenttype", "pk": 7, "fields": {"app_label": "quiz", "model": "test"}}, {"model": "contenttypes.contenttype", "pk": 8, "fields": {"app_label": "quiz", "model": "usertestattempt"}}, {"model": "contenttypes.contenttype", "pk": 9, "fields": {"app_label": "quiz", "model": "question"}}, {"model": "contenttypes.contenttype", "pk": 10, "fields": {"app_label": "quiz", "model": "answer"}}, {"model": "contenttypes.contenttype", "pk": 11, "fields": {"app_label": "articles", "model": "comment"}}, {"model": "contenttypes.contenttype", "pk": 12, "fields": {"app_label": "articles", "model": "article"}}, {"model": "sessions.session", "pk": "ixst3fko87zrdfzr4r8f0h4x58ow59tk", "fields": {"session_data": "e30:1q0K8e:6qm8x0lcl5twBNTgg7MmeXwxTgIYdPQ-qwTOBycDchk", "expire_date": "2023-06-03T10:48:40.700Z"}}, {"model": "sessions.session", "pk": "lggtyvjg1kmn6absmcvfplxg38bt1ote", "fields": {"session_data": ".eJxVjDEOwjAMRe-SGUWpUseFkZ0zRE5skwJKpaadEHenlTrA-t77_20irUuJa5M5jmwupjOnX5YoP6Xugh9U75PNU13mMdk9sYdt9jaxvK5H-3dQqJVtDTgoK5N658iBiAZBEJ83nKHvk1OG3gcG7hAYE6IbPPkAZ1XkZD5fCkA4qA:1q2zhK:W2nV3Mk4nT3WignRHqprFi6Q9vHIb6sRyDbGYVBkXW4", "expire_date": "2023-06-10T19:35:30.299Z"}}, {"model": "sessions.session", "pk": "mim11x4a398h9e2enwggb6a65g35jcly", "fields": {"session_data": ".eJxVjDEOwjAMRe-SGUWpUseFkZ0zRE5skwJKpaadEHenlTrA-t77_20irUuJa5M5jmwupjOnX5YoP6Xugh9U75PNU13mMdk9sYdt9jaxvK5H-3dQqJVtDTgoK5N658iBiAZBEJ83nKHvk1OG3gcG7hAYE6IbPPkAZ1XkZD5fCkA4qA:1q0yRW:-SQ_uxFpzuiXSQBykAZTvaJHu3dX3605ittnBveAu6k", "expire_date": "2023-06-05T05:50:50.719Z"}}, {"model": "sessions.session", "pk": "n6b6btcmet649l300ubnxhp5f85mo02z", "fields": {"session_data": ".eJxVjEEOwiAQRe_C2hAylAIu3XsGMsMMUjU0Ke3KeHdt0oVu_3vvv1TCba1p67KkidVZWXX63QjzQ9oO-I7tNus8t3WZSO-KPmjX15nleTncv4OKvX5rGKOJEBhtllhABDgMxjEJEgB6D8YV7ykws82e7OAwU_ERaWSAot4f9J04xQ:1q0K9z:P3vyvGfobHzjDwe4SawMjG4WUPv1ETztxgxxbcHLa6I", "expire_date": "2023-06-03T10:50:03.110Z"}}, {"model": "sessions.session", "pk": "q3rbmoxuihngmekh0426efmry7rvj2b1", "fields": {"session_data": ".eJxVjDEOwjAMRe-SGUWpUseFkZ0zRE5skwJKpaadEHenlTrA-t77_20irUuJa5M5jmwupjOnX5YoP6Xugh9U75PNU13mMdk9sYdt9jaxvK5H-3dQqJVtDTgoK5N658iBiAZBEJ83nKHvk1OG3gcG7hAYE6IbPPkAZ1XkZD5fCkA4qA:1q40qs:li6BS2EC8TxCz5X9luSHFS1FfMaTkACPM0K5ziTYwWw", "expire_date": "2023-06-13T15:01:34.802Z"}}, {"model": "sessions.session", "pk": "wk92f3swtzx5cpx4osmj3hblhp31aa55", "fields": {"session_data": ".eJxVjDEOwjAMRe-SGUWpUseFkZ0zRE5skwJKpaadEHenlTrA-t77_20irUuJa5M5jmwupjOnX5YoP6Xugh9U75PNU13mMdk9sYdt9jaxvK5H-3dQqJVtDTgoK5N658iBiAZBEJ83nKHvk1OG3gcG7hAYE6IbPPkAZ1XkZD5fCkA4qA:1q0y8w:9ABYA-NB6QgpEkru7dlXeephvUcHfqOHv8liF9gdRgI", "expire_date": "2023-06-05T05:31:38.192Z"}}, {"model": "sessions.session", "pk": "xhp5ia1o0ckhn266yxhnxfd6fg4ilgzt", "fields": {"session_data": ".eJxVjMsOwiAQRf-FtSGFoTxcuu83kBkGpWogKe3K-O_apAvd3nPOfYmI21ri1vMSZxZnocTpdyNMj1x3wHestyZTq-syk9wVedAup8b5eTncv4OCvXxr640FnU0A5y0b78DBmChbojAYZdU4oNGI4K-YbMrGAWEIqNlB8Mji_QG1lzdR:1q7EnX:CERFBEWVYZmK_nNi534jIgMJrIp05rN6iwfrZiJLx5I", "expire_date": "2023-06-22T12:31:27.887Z"}}, {"model": "sessions.session", "pk": "zmezf3rteo5gdb08q0mywqt139u4mapd", "fields": {"session_data": ".eJxVjDEOwjAMRe-SGUWpUseFkZ0zRE5skwJKpaadEHenlTrA-t77_20irUuJa5M5jmwupjOnX5YoP6Xugh9U75PNU13mMdk9sYdt9jaxvK5H-3dQqJVtDTgoK5N658iBiAZBEJ83nKHvk1OG3gcG7hAYE6IbPPkAZ1XkZD5fCkA4qA:1q00M2:otcKsg6iEdAGea7YomhQK9u9F9l6ZpBTJLULFyQA5iM", "expire_date": "2023-06-02T13:41:10.377Z"}}, {"model": "quiz.test", "pk": 5, "fields": {"title": "Основы Авиационной Безопасности: Проверьте свои знания", "difficulty": "E", "created_by": 1}}, {"model": "quiz.test", "pk": 7, "fields": {"title": "Средний уровень: Основы авиационной безопасности", "difficulty": "M", "created_by": 1}}, {"model": "quiz.test", "pk": 9, "fields": {"title": "Тест на Знание Чрезвычайных Ситуаций в Авиации", "difficulty": "M", "created_by": 1}}, {"model": "quiz.test", "pk": 10, "fields": {"title": "Тест на Знание Географии Авиации", "difficulty": "E", "created_by": 1}}, {"model": "quiz.question", "pk": 11, "fields": {"text": "Что означает термин \"CABIN CREW\" в авиации?", "test": 5}}, {"model": "quiz.question", "pk": 18, "fields": {"text": "Что означает термин \"Авиационная безопасность\"?", "test": 7}}, {"model": "quiz.question", "pk": 19, "fields": {"text": "Какое из этих утверждений является истинным о системе управления безопасностью полетов (SMS)?", "test": 7}}, {"model": "quiz.question", "pk": 20, "fields": {"text": "Что означает ICAO в контексте авиации?", "test": 7}}, {"model": "quiz.question", "pk": 21, "fields": {"text": "Какую роль играет экипаж в обеспечении авиационной безопасности?", "test": 7}}, {"model": "quiz.question", "pk": 22, "fields": {"text": "Что следует делать пассажирам в случае экстренной эвакуации самолета?", "test": 9}}, {"model": "quiz.question", "pk": 23, "fields": {"text": "Какой город является основным хабом авиакомпании Emirates?", "test": 10}}, {"model": "quiz.answer", "pk": 25, "fields": {"text": "a) Пассажирский салон самолета", "is_correct": false, "question": 11}}, {"model": "quiz.answer", "pk": 26, "fields": {"text": "b) Экипаж самолета, обслуживающий пассажиров во время полета", "is_correct": true, "question": 11}}, {"model": "quiz.answer", "pk": 27, "fields": {"text": "c) Специальные команды безопасности на борту самолета", "is_correct": false, "question": 11}}, {"model": "quiz.answer", "pk": 28, "fields": {"text": "Процедура проведения авиационных шоу.", "is_correct": false, "question": 18}}, {"model": "quiz.answer", "pk": 29, "fields": {"text": "Процесс изготовления авиационных кресел.", "is_correct": false, "question": 18}}, {"model": "quiz.answer", "pk": 30, "fields": {"text": "Процесс управления риском в авиационной деятельности.", "is_correct": true, "question": 18}}, {"model": "quiz.answer", "pk": 31, "fields": {"text": "SMS — это система общения между пассажирами во время полета.", "is_correct": false, "question": 19}}, {"model": "quiz.answer", "pk": 32, "fields": {"text": "SMS — это система управления риском, связанная с безопасностью полетов.", "is_correct": false, "question": 19}}, {"model": "quiz.answer", "pk": 33, "fields": {"text": "SMS — это документ, регулирующий погодные условия для полетов.", "is_correct": true, "question": 19}}, {"model": "quiz.answer", "pk": 34, "fields": {"text": "Международная организация гражданской авиации.", "is_correct": true, "question": 20}}, {"model": "quiz.answer", "pk": 35, "fields": {"text": "Реклама авиакомпании.", "is_correct": false, "question": 20}}, {"model": "quiz.answer", "pk": 36, "fields": {"text": "Размер багажного отделения.", "is_correct": false, "question": 20}}, {"model": "quiz.answer", "pk": 37, "fields": {"text": "Экипаж только управляет самолетом, безопасность не относится к его обязанностям.", "is_correct": false, "question": 21}}, {"model": "quiz.answer", "pk": 38, "fields": {"text": "Экипаж отвечает за поддержание порядка внутри самолета, но не за безопасность полета.", "is_correct": false, "question": 21}}, {"model": "quiz.answer", "pk": 39, "fields": {"text": "Экипаж играет критическую роль, обеспечивая безопасность полета и пассажиров", "is_correct": true, "question": 21}}, {"model": "quiz.answer", "pk": 40, "fields": {"text": "Что следует делать пассажирам в случае экстренной эвакуации самолета?", "is_correct": true, "question": 22}}, {"model": "quiz.answer", "pk": 41, "fields": {"text": "Поднять руки вверх и кричать о помощи", "is_correct": false, "question": 22}}, {"model": "quiz.answer", "pk": 42, "fields": {"text": "Следовать указаниям экипажа и использовать ближайший выход", "is_correct": false, "question": 22}}, {"model": "quiz.answer", "pk": 43, "fields": {"text": "Дубай, ОАЭ", "is_correct": false, "question": 23}}, {"model": "quiz.answer", "pk": 44, "fields": {"text": "Сингапур", "is_correct": false, "question": 23}}, {"model": "quiz.answer", "pk": 45, "fields": {"text": "Гонконг, Китай", "is_correct": false, "question": 23}}, {"model": "quiz.usertestattempt", "pk": 30, "fields": {"user": 1, "test": 5, "correct_answers": 0, "incorrect_answers": 1, "completed_at": "2023-05-30T18:29:12.151Z", "incorrect_questions": [11]}}, {"model": "quiz.usertestattempt", "pk": 31, "fields": {"user": 1, "test": 7, "correct_answers": 1, "incorrect_answers": 3, "completed_at": "2023-05-31T10:32:45.845Z", "incorrect_questions": [18, 19, 21]}}, {"model": "quiz.usertestattempt", "pk": 32, "fields": {"user": 1, "test": 7, "correct_answers": 1, "incorrect_answers": 3, "completed_at": "2023-06-08T12:16:18.199Z", "incorrect_questions": [18, 19, 21]}}, {"model": "articles.article", "pk": 2, "fields": {"title": "Защита Воздушных Путешествий и Пассажиров", "cover_image": "articles/covers/airlinesecurity_op_KATHERINE_FRANKS_AGGIE.png", "content": "<p>В мире, где воздушные перевозки играют все более важную роль в глобальной мобильности, обеспечение безопасности становится непременной задачей для авиационной индустрии. Авиационная безопасность - это комплекс мер, принимаемых для предотвращения и минимизации рисков, связанных с воздушным транспортом. Она имеет критическое значение для защиты пассажиров, экипажей и воздушных судов от возможных угроз и аварий.</p>\r\n\r\n<p>Современный мир представляет новые вызовы для авиационной безопасности. Одним из таких вызовов является терроризм. Воздушные суда стали потенциальной целью террористов, и поэтому воздушные перевозчики и правительственные органы активно работают над разработкой стратегий и политик для противодействия этой угрозе. Безопасность пассажиров и грузов становится приоритетом номер один воздушных перевозок.</p>\r\n\r\n<p>Технологические инновации также играют важную роль в обеспечении безопасности воздушных путешествий. Авиационная индустрия постоянно внедряет новые технологии и системы контроля, которые помогают выявлять потенциальные угрозы и предотвращать аварии. Разработка новых материалов, более надежных двигателей, современных систем навигации и эффективных систем связи способствуют повышению уровня безопасности.</p>\r\n\r\n<p>Кроме того, регулирование и нормативные акты играют важную роль в обеспечении авиационной безопасности. Международные организации, такие как Международная организация гражданской авиации (МОГА), разрабатывают и устанавливают стандарты и правила для безопасности воздушных перевозок. Национальные органы гражданской авиации также регулируют и контролируют соблюдение этих стандартов на уровне каждой страны.</p>\r\n\r\n<p>Обучение и тренировки играют также важную роль в обеспечении безопасности воздушных путешествий. Все экипажи проходят обязательные курсы по авиационной безопасности, которые включают в себя знание процедур эвакуации, обращения с аварийными ситуациями и реагирования на угрозы. Регулярное обновление и повторение тренировок гарантируют, что экипажи всегда готовы к реагированию на любые аварийные ситуации.</p>\r\n\r\n<p>В заключение, авиационная безопасность - это неотъемлемая часть воздушного транспорта, которая должна быть обеспечена на высоком уровне. Регулирование, технологические инновации и обучение играют важную роль в достижении этой цели. Постоянное стремление к улучшению безопасности и приспособление к новым вызовам и угрозам является необходимым условием для дальнейшего развития авиационной индустрии и обеспечения безопасных воздушных путешествий.</p>", "author": 1}}, {"model": "articles.article", "pk": 3, "fields": {"title": "Революция в Мировой Авиации: Влияние Новых Технологий", "cover_image": "articles/covers/airport-security-line-AIRPORTSECURITY1021-ad1313f1376840e29dc4c8b36ed88f12.jpg", "content": "<p>Современная авиация стала частью нашей повседневной жизни. Мы летим в самолетах, чтобы посетить другие страны, встретиться с семьей и друзьями, деловых партнеров или просто отдохнуть на пляже. Авиация - это быстрый, удобный и безопасный способ путешествовать на большие расстояния. Однако, революция новых технологий переворачивает мир авиации и открывает новые возможности и вызовы.</p>\r\n\r\n<p>Одной из ключевых инноваций является разработка и внедрение беспилотных летательных аппаратов, или дронов. Беспилотные аппараты уже нашли свое применение в различных сферах авиации, от доставки товаров и мониторинга до спасательных операций и сельского хозяйства. Беспилотники не только сокращают время доставки и уменьшают затраты, но и значительно повышают безопасность и эффективность операций.</p>\r\n\r\n<p>Другая важная технология, которая меняет авиацию, - это разработка более эффективных и экологически чистых двигателей. Авиационные компании и производители работают над созданием более эффективных и экологически устойчивых двигателей, чтобы снизить выбросы углекислого газа и улучшить экологическую обстановку. Это не только сокращает негативное воздействие на окружающую среду, но и снижает операционные расходы авиакомпаний.</p>\r\n\r\n<p>Также воздушные суда сегодня оснащены передовыми системами связи и навигации, что улучшает безопасность и точность полетов. Системы автоматического управления позволяют сократить человеческий фактор и повысить эффективность. Пилоты имеют доступ к более точным данным о погоде, навигации и другим параметрам, что делает полеты более предсказуемыми и безопасными.</p>\r\n\r\n<p>Следующий важный аспект новых технологий в авиации - это улучшение пассажирского опыта. Системы развлечения на борту становятся все более интерактивными и разнообразными, предлагая пассажирам широкий спектр развлечений во время полета. Кроме того, развитие интернета на борту позволяет пассажирам оставаться связанными с внешним миром и работать во время полета.</p>\r\n\r\n<p>Однако, вместе с преимуществами новых технологий возникают и некоторые вызовы. Кибербезопасность становится все более актуальной, поскольку с увеличением числа связанных систем на борту воздушных судов возрастает риск кибератак и несанкционированного доступа. Авиационная индустрия активно работает над укреплением систем защиты и разработкой стандартов безопасности.</p>\r\n\r\n<p>В заключение, новые технологии имеют глубокое влияние на авиацию. Беспилотные летательные аппараты, эффективные двигатели, передовые системы связи и навигации, а также улучшение пассажирского опыта - все это изменяет способ, которым мы путешествуем в воздухе. Однако, необходимо учитывать и вызовы, связанные с кибербезопасностью и этическими аспектами. Авиационная индустрия должна активно следить за технологическими инновациями и находить баланс между эффективностью, безопасностью и комфортом пассажиров.</p>", "author": 1}}, {"model": "articles.article", "pk": 4, "fields": {"title": "Развитие Авиационного Туризма", "cover_image": "articles/covers/airport-security-9-19-750x375.jpg", "content": "<p>Авиационный туризм становится все более популярным в современном мире. Воздушные путешествия предлагают возможность быстрого перемещения на большие расстояния и исследования различных стран и культур. Однако, развитие авиации и технологий приводит к новым возможностям и вызовам в этой сфере.</p>\r\n\r\n<p>Одним из ключевых факторов, способствующих развитию авиационного туризма, является доступность. Благодаря снижению стоимости авиабилетов и развитию низкобюджетных авиакомпаний, воздушные путешествия становятся доступными для более широкой аудитории. Это позволяет людям с различными бюджетами осуществлять мечты о путешествиях и открытиях.</p>\r\n\r\n<p>Технологические инновации также играют важную роль в развитии авиационного туризма. Онлайн-бронирование авиабилетов, удобные мобильные приложения и информационные платформы делают процесс планирования и бронирования путешествий более удобным и эффективным. Пассажиры могут с легкостью выбирать оптимальные варианты перелетов, получать информацию о рейсах и обновлениях, а также взаимодействовать с авиакомпаниями и аэропортами.</p>\r\n\r\n<p>Появление новых направлений и туристических маршрутов также стимулирует развитие авиационного туризма. Авиакомпании расширяют сеть своих рейсов, включая новые направления и экзотические места. Это предоставляет путешественникам больше возможностей для открытия новых стран и культур, расширения горизонтов и создания незабываемых впечатлений.</p>\r\n\r\n<p>Однако, с развитием авиационного туризма возникают и вызовы, связанные с экологическим воздействием. Рост количества авиарейсов приводит к увеличению выбросов парниковых газов и негативному влиянию на окружающую среду. Поэтому важно разрабатывать и внедрять экологически устойчивые практики и технологии, чтобы снизить воздействие авиации на климат.</p>\r\n\r\n<p>В заключение, развитие авиационного туризма создает новые возможности для людей, позволяя им исследовать мир и наслаждаться воздушными путешествиями. Доступность, технологические инновации и разнообразие направлений являются ключевыми факторами роста этой сферы. Однако, необходимо также учитывать экологические аспекты и работать над устойчивым развитием авиационного туризма, чтобы наслаждаться путешествиями в гармонии с окружающей природой.</p>", "author": 1}}, {"model": "articles.comment", "pk": 8, "fields": {"article": 2, "author": 1, "text": "Hello", "created_at": "2023-05-30T14:29:04.865Z", "active": true}}]